{"1001": {"item": "Milk", "quantity": 10, "M.R.P": 25, "In store": 24}, "1002": {"item": "Cheese", "quantity": 48, "M.R.P": 120, "In store": 110}, "1003": {"item": "Butter", "quantity": 50, "M.R.P": 105, "In store": 100}, "1004": {"item": "Ghee", "quantity": 10, "M.R.P": 125, "In store": 125}, "1005": {"item": "Juice", "quantity": 10, "M.R.P": 95, "In store": 95}, "1006": {"item": "Chocolate", "quantity": 11, "M.R.P": 80, "In store": 75}, "1007": {"item": "Cookies", "quantity": 12, "M.R.P": 20, "In store": 18}, "1008": {"item": "Biscuits", "quantity": 21, "M.R.P": 20, "In store": 15}, "1009": {"item": "wafers", "quantity": 18, "M.R.P": 25, "In store": 17}, "1010": {"item": "Dal", "quantity": 100, "M.R.P": 65, "In store": 65}, "1011": {"item": "rice", "quantity": 21, "M.R.P": 55, "In store": 55}, "1012": {"item": "BoiledRice", "quantity": 31, "M.R.P": 55, "In store": 55}, "1013": {"item": "WholeWheat", "quantity": 18, "M.R.P": 45, "In store": 44}, "1014": {"item": "Maida", "quantity": 19, "M.R.P": 28, "In store": 20}, "1015": {"item": "RiceFloor", "quantity": 51, "M.R.P": 70, "In store": 55}, "1016": {"item": "WheatFloor", "quantity": 41, "M.R.P": 46, "In store": 35}, "1017": {"item": "DishWash", "quantity": 18, "M.R.P": 85, "In store": 80}, "1018": {"item": "BodyWash", "quantity": 15, "M.R.P": 185, "In store": 182}, "1019": {"item": "FaceWash", "quantity": 14, "M.R.P": 55, "In store": 54}, "1020": {"item": "noodels", "quantity": 17, "M.R.P": 86, "In store": 80}, "1021": {"item": "chips", "quantity": 12, "M.R.P": 10, "In store": 10}, "1022": {"item": "nachos", "quantity": 15, "M.R.P": 55, "In store": 45}, "1023": {"item": "Sugar", "quantity": 81, "M.R.P": 114, "In store": 110}, "1024": {"item": "Jaggery", "quantity": 15, "M.R.P": 95, "In store": 85}, "1025": {"item": "ToothPaste", "quantity": 11, "M.R.P": 105, "In store": 85}, "1026": {"item": "ToothBrush", "quantity": 10, "M.R.P": 18, "In store": 15}, "1027": {"item": "CookingOil", "quantity": 21, "M.R.P": 125, "In store": 115}, "1028": {"item": "GramFloor", "quantity": 15, "M.R.P": 35, "In store": 27}, "1029": {"item": "paneer", "quantity": 18, "M.R.P": 155, "In store": 150}, "1030": {"item": "cuminSeeds", "quantity": 50, "M.R.P": 55, "In store": 40}}